AAVE CONTRACTS ON POLYGON V3,
Contract,Address
ACLManager,0xa72636CbcAa8F5FF95B2cc47F3CDEe83F3294a0B
Pool,0x794a61358D6845594F94dc1DB02A252b5b4814aD
PoolConfigurator,0x8145eddDf43f50276641b55bd3AD95944510021E
Incentives,0x929EC64c34a17401F460460D4B9390518E5B473e
PullRewardsTransferStrategy,0xA1e255c216e0F7f1a54AeeA60BACB93CdE0FcF0D
PoolAddressesProvider,0xa97684ead0e402dC232d5A977953DF7ECBaB3CDb
PoolAddressesProviderRegistry,0x770ef9f4fe897e59daCc474EF11238303F9552b6
PoolDataProvider,0x69FA688f1Dc47d4B5d8029D5a35FB7a548310654
UiIncentiveDataProviderV3,0xF43EfC9789736BaF550DC016C7389210c43e7997
UiPoolDataProviderV3,0x7006e5a16E449123a3F26920746d03337ff37340
WETHGateway,0x1e4b7A6b903680eab0c5dAbcb8fD429cD2a9598c
WalletBalanceProvider,0xBc790382B3686abffE4be14A030A96aC6154023a
AaveOracle,0xb023e699F5a33916Ea823A16485e259257cA8Bd1
Treasury,0xe8599F3cc5D38a9aD6F3684cd5CEa72f10Dbc383
TreasuryController,0x73D435AFc15e35A9aC63B2a81B5AA54f974eadFe
ParaSwapLiquiditySwapAdapter,0x301F221bc732907E2da2dbBFaA8F8F6847c170c3
ParaSwapRepayAdapter,0xA125561fca253f19eA93970534Bb0364ea74187a